36,236,yellow,-inf,inf,inf
258,224,yellow,-0.280272,0.158981,1.207220
478,232,blue,0.471632,0.191227,1.242212
98,204,blue,-1.184466,0.133066,1.749237
312,186,blue,-0.305530,0.096936,3.726635
398,192,yellow,0.561367,0.152490,3.571359
