637,184,blue,inf,inf,inf
477,190,blue,0.897339,0.088417,2.380906
620,204,yellow,1.327829,0.130405,1.714252
309,214,blue,-0.112208,0.129043,1.242212
572,243,yellow,0.566490,0.163059,0.883635
