632,176,orange,inf,-inf,inf
557,177,yellow,2.703894,0.004431,4.511189
614,178,orange,3.248060,0.016128,4.285631
502,180,blue,1.417167,0.029604,3.174541
594,180,yellow,2.508073,0.033304,3.571359
34,186,blue,-inf,inf,inf
467,196,blue,0.695825,0.107285,1.993316
101,200,blue,-1.123995,0.109152,1.680639
