23,192,yellow,-inf,inf,inf
227,200,yellow,-0.682221,0.139169,2.142815
77,213,blue,-1.106047,0.152028,1.503730
624,221,orange,1.181490,0.185484,1.503730
438,242,yellow,0.255641,0.173093,0.952362
