23,189,yellow,-inf,inf,inf
152,198,yellow,-1.129169,0.127250,2.142815
23,210,blue,-inf,inf,inf
380,235,yellow,0.111977,0.169631,1.045276
72,272,blue,-0.490355,0.173508,0.654295
