32,190,yellow,-inf,inf,inf
158,199,yellow,-1.066744,0.129960,2.090551
27,212,blue,-inf,inf,inf
394,240,yellow,0.140666,0.169681,0.963063
60,282,blue,-0.472514,0.176854,0.603610
