24,214,orange,-inf,inf,inf
66,228,orange,-1.012594,0.188226,1.293070
442,204,yellow,0.455934,0.134039,1.706852
