32,220,orange,-inf,inf,inf
88,236,orange,-0.832257,0.193647,1.153278
548,214,big orange,0.616207,0.116483,1.094136
