38,210,blue,-inf,inf,inf
450,200,blue,0.562351,0.121016,1.863318
238,216,blue,-0.404373,0.153782,1.405125
