30,230,yellow,-inf,inf,inf
564,218,yellow,0.841946,0.156467,1.360518
300,222,blue,-0.141252,0.154442,1.224466
380,202,blue,0.187390,0.123337,1.749237
98,208,orange,-1.055252,0.135886,1.558411
272,192,orange,-0.447624,0.098913,2.316557
542,184,blue,1.648221,0.060441,2.955607
136,194,orange,-1.166207,0.098488,2.040776
