637,184,blue,inf,inf,inf
477,190,blue,0.448670,0.044209,1.190453
620,204,yellow,0.663914,0.065202,0.857126
309,214,blue,-0.056104,0.064521,0.621106
572,243,yellow,0.283245,0.081530,0.441818
