634,179,orange,inf,inf,inf
593,180,orange,4.611952,0.061485,6.593277
545,192,blue,1.564952,0.118057,2.764923
372,207,blue,0.137267,0.136516,1.617219
595,225,yellow,0.839335,0.160084,1.190453
