634,179,orange,inf,inf,inf
593,180,orange,2.305976,0.030742,3.296639
545,192,blue,0.782476,0.059029,1.382461
372,207,blue,0.068633,0.068258,0.808609
595,225,yellow,0.419668,0.080042,0.595226
