632,176,orange,inf,-inf,inf
557,177,yellow,1.351947,0.002215,2.255595
614,178,orange,1.624030,0.008064,2.142815
502,180,blue,0.708584,0.014802,1.587270
594,180,yellow,1.254037,0.016652,1.785679
34,186,blue,-inf,inf,inf
467,196,blue,0.347913,0.053643,0.996658
101,200,blue,-0.561997,0.054576,0.840320
