5,192,yellow,-inf,inf,inf
213,199,yellow,-0.392642,0.068312,1.098880
70,210,blue,-0.599197,0.073615,0.793635
573,214,orange,0.530653,0.085615,0.824160
407,232,yellow,0.100116,0.084581,0.549440
591,241,orange,0.362675,0.093537,0.522638
