14,192,yellow,-inf,inf,inf
220,199,yellow,-0.361968,0.066605,1.071408
74,212,blue,-0.579634,0.076611,0.779206
597,217,orange,0.553717,0.087446,0.779206
422,237,yellow,0.112904,0.084627,0.504192
623,248,orange,0.377003,0.095554,0.481532
