14,192,yellow,-inf,inf,inf
220,199,yellow,-0.723936,0.133209,2.142815
74,212,blue,-1.159269,0.153222,1.558411
597,217,orange,1.107434,0.174892,1.558411
422,237,yellow,0.225809,0.169253,1.008384
623,248,orange,0.754006,0.191108,0.963063
