23,192,yellow,-inf,inf,inf
227,200,yellow,-0.341110,0.069584,1.071408
77,213,blue,-0.553023,0.076014,0.751865
624,221,orange,0.590745,0.092742,0.751865
438,242,yellow,0.127821,0.086547,0.476181
