8,187,yellow,-inf,inf,inf
142,195,yellow,-1.285148,0.118240,2.316557
17,205,blue,-inf,inf,inf
359,227,yellow,0.057209,0.164422,1.174145
91,256,blue,-0.528385,0.167395,0.758519
