8,187,yellow,-inf,inf,inf
142,195,yellow,-0.642574,0.059120,1.158278
17,205,blue,-inf,inf,inf
359,227,yellow,0.028605,0.082211,0.587073
91,256,blue,-0.264192,0.083697,0.379259
