15,188,yellow,-inf,inf,inf
147,197,yellow,-0.594341,0.062200,1.098880
20,208,blue,-inf,inf,inf
369,231,yellow,0.042597,0.084132,0.556575
82,264,blue,-0.253495,0.085338,0.351281
