15,188,yellow,-inf,inf,inf
147,197,yellow,-1.188682,0.124401,2.197759
20,208,blue,-inf,inf,inf
369,231,yellow,0.085195,0.168263,1.113151
82,264,blue,-0.506990,0.170677,0.702562
