23,189,yellow,-inf,inf,inf
152,198,yellow,-0.564584,0.063625,1.071408
23,210,blue,-inf,inf,inf
380,235,yellow,0.055988,0.084816,0.522638
72,272,blue,-0.245178,0.086754,0.327147
