32,190,yellow,-inf,inf,inf
158,199,yellow,-0.533372,0.064980,1.045276
27,212,blue,-inf,inf,inf
394,240,yellow,0.070333,0.084841,0.481532
60,282,blue,-0.236257,0.088427,0.301805
