35,222,blue,-inf,inf,inf
72,229,blue,-0.616146,0.093250,0.797573
209,228,blue,-0.293793,0.090897,0.797573
380,224,blue,0.128757,0.096646,0.945959
204,255,yellow,-0.190042,0.096046,0.496052
505,241,yellow,0.331235,0.099932,0.656068
174,279,orange,-0.171281,0.096034,0.363181
497,257,orange,0.235862,0.097780,0.490075
492,224,orange2,0.486579,0.106558,1.042980
542,221,orange2,0.675042,0.102588,1.099358
606,234,orange2,0.604751,0.099181,0.753264
