8,225,blue,-inf,inf,inf
41,234,blue,-0.616551,0.093961,0.713618
195,233,blue,-0.292341,0.091856,0.713618
389,228,blue,0.140778,0.098633,0.865452
175,271,yellow,-0.188747,0.096988,0.402735
542,250,yellow,0.342145,0.099668,0.557209
113,314,orange,-0.170990,0.096489,0.262427
547,278,orange,0.241288,0.100337,0.383738
513,226,orange2,0.488558,0.099904,0.924460
567,224,orange2,0.699414,0.103894,1.016906
656,243,orange2,0.633714,0.105504,0.666824
