21,236,blue,-inf,inf,inf
185,236,blue,-0.292843,0.091734,0.666824
389,228,blue,0.132331,0.092715,0.813525
155,279,yellow,-0.193364,0.096899,0.366453
554,255,yellow,0.338674,0.100971,0.521490
567,285,orange,0.241177,0.098929,0.350657
519,226,orange2,0.504922,0.099904,0.924460
573,224,orange2,0.683252,0.098947,0.968482
669,245,orange2,inf,inf,inf
