34,254,blue,-inf,inf,inf
78,310,blue,-0.210297,0.099149,0.278604
23,215,yellow,-inf,inf,inf
85,221,yellow,-0.711034,0.090376,0.968482
237,229,yellow,-0.232469,0.095115,0.813525
349,246,yellow,0.025951,0.097082,0.581089
592,310,yellow,0.215115,0.100526,0.282474
