32,257,blue,-inf,inf,inf
39,217,yellow,-1.010955,0.094736,1.162178
98,221,yellow,-0.690328,0.092580,0.992103
246,231,yellow,-0.191699,0.090832,0.739568
366,251,yellow,0.051421,0.098610,0.542350
