24,282,blue,-inf,inf,inf
109,217,yellow,-0.729282,0.089615,1.099358
157,223,yellow,-0.482351,0.091722,0.924460
307,243,yellow,-0.047403,0.094644,0.598180
492,291,yellow,0.158138,0.101631,0.338969
