16,291,blue,-inf,inf,inf
545,311,yellow,0.178427,0.102787,0.286452
326,249,yellow,-0.013103,0.099386,0.564948
172,225,yellow,-0.431632,0.095017,0.903916
128,218,yellow,-0.667660,0.092859,1.099358
