7,301,blue,-inf,inf,inf
147,217,yellow,-0.606039,0.089615,1.099358
188,226,yellow,-0.380509,0.095560,0.884266
347,253,yellow,0.020212,0.097895,0.521490
