10,243,blue,-inf,inf,inf
16,224,blue,-inf,inf,inf
372,261,yellow,0.053842,0.101127,0.478544
206,228,yellow,-0.319655,0.096579,0.847422
165,219,yellow,-0.547660,0.096102,1.099358
