30,246,blue,-inf,inf,inf
43,224,blue,-0.811708,0.096646,0.945959
122,215,yellow,-0.820111,0.099218,1.312137
188,221,yellow,-0.460617,0.099889,1.070427
227,230,yellow,-0.267155,0.101579,0.847422
404,268,yellow,0.088595,0.099324,0.428171
