22,244,blue,-inf,inf,inf
123,271,blue,-0.253034,0.097958,0.406762
21,223,yellow,-inf,inf,inf
173,226,yellow,-0.428965,0.097684,0.903916
356,245,yellow,0.040870,0.102704,0.625788
534,290,yellow,0.200138,0.100631,0.338969
104,222,orange,-0.745498,0.105832,1.099358
186,217,orange,-0.572369,0.106960,1.312137
212,224,orange,-0.365586,0.103894,1.016906
235,216,orange,-0.439386,0.118362,1.506527
268,220,orange,-0.213606,0.099345,1.099358
303,219,orange,-0.112225,0.107751,1.232613
