28,247,blue,-inf,inf,inf
121,278,blue,-0.234343,0.097576,0.373176
36,224,yellow,-inf,inf,inf
185,228,yellow,-0.388335,0.100778,0.884266
376,248,yellow,0.072237,0.100511,0.581089
118,223,orange,-0.681669,0.106205,1.070427
201,219,orange,-0.483134,0.107751,1.232613
225,225,orange,-0.311034,0.101804,0.968482
251,217,orange,-0.331448,0.110526,1.355875
283,223,orange,-0.160617,0.106205,1.070427
318,219,orange,-0.052873,0.098771,1.129895
