33,252,blue,-inf,inf,inf
118,288,blue,-0.215862,0.098631,0.338969
51,224,yellow,-0.870344,0.106558,1.042980
197,231,yellow,-0.342155,0.104079,0.847422
397,254,yellow,0.099692,0.102050,0.535214
131,224,orange,-0.640617,0.109362,1.070427
213,219,orange,-0.426571,0.104582,1.196360
238,226,orange,-0.280571,0.107214,0.992103
265,218,orange,-0.275448,0.114526,1.355875
298,224,orange,-0.110344,0.106558,1.042980
333,221,orange,-0.002873,0.105438,1.129895
