35,257,blue,-inf,inf,inf
98,313,blue,-0.187440,0.098250,0.269379
77,225,yellow,-0.751791,0.104287,0.992103
219,233,yellow,-0.275669,0.104715,0.813525
447,268,yellow,0.147571,0.102563,0.442133
156,224,orange,-0.561669,0.109362,1.070427
240,220,orange,-0.331277,0.108111,1.196360
263,228,orange,-0.184857,0.100778,0.884266
293,218,orange,-0.158175,0.110831,1.312137
328,225,orange,-0.017157,0.104287,0.992103
365,223,orange,0.100988,0.109075,1.099358
13,223,orange2,-inf,inf,inf
