34,261,blue,-inf,inf,inf
478,275,yellow,0.169574,0.100743,0.398787
229,234,yellow,-0.233026,0.099181,0.753264
382,224,orange,0.156124,0.112318,1.099358
341,227,orange,0.019468,0.102631,0.924460
307,219,orange,-0.100732,0.111118,1.271132
276,229,orange,-0.147733,0.101187,0.865452
253,220,orange,-0.277241,0.105022,1.162178
167,224,orange,-0.513421,0.106558,1.042980
28,223,orange2,-inf,inf,inf
