32,264,blue,-inf,inf,inf
240,236,yellow,-0.201133,0.099924,0.726361
518,290,yellow,0.187259,0.102337,0.344714
179,224,orange,-0.464586,0.103894,1.016906
266,221,orange,-0.226206,0.105438,1.129895
288,231,orange,-0.112315,0.101955,0.830127
321,218,orange,-0.046771,0.104114,1.232613
358,227,orange,0.067362,0.105018,0.945959
399,224,orange,0.195414,0.103894,1.016906
3,220,orange2,-inf,inf,inf
42,223,orange2,-0.921669,0.106205,1.070427
