29,268,blue,-inf,inf,inf
114,225,yellow,-0.599623,0.097177,0.924460
252,237,yellow,-0.169369,0.098548,0.701314
570,305,yellow,0.205337,0.100549,0.294755
193,224,orange,-0.402463,0.098947,0.968482
280,223,orange,-0.184669,0.115308,1.162178
303,233,orange,-0.072616,0.102662,0.797573
336,219,orange,0.007546,0.104582,1.196360
374,230,orange,0.107035,0.108350,0.903916
419,226,orange,0.237595,0.102227,0.945959
20,220,orange2,-inf,inf,inf
58,222,orange2,-0.871143,0.103047,1.070427
