23,284,blue,-inf,inf,inf
16,219,yellow,-inf,inf,inf
145,228,yellow,-0.515078,0.105358,0.924460
282,243,yellow,-0.098785,0.102155,0.645655
222,227,orange,-0.319605,0.107518,0.968482
313,223,orange,-0.065880,0.106205,1.070427
338,237,orange,0.009029,0.103923,0.739568
373,223,orange,0.134188,0.115308,1.162178
419,234,orange,0.208501,0.109301,0.830127
469,232,orange,0.345033,0.108846,0.865452
60,220,orange2,-0.966571,0.108111,1.196360
93,224,orange2,-0.741114,0.106558,1.042980
