21,301,blue,-inf,inf,inf
70,218,yellow,-1.091842,0.118475,1.402629
183,230,yellow,-0.393553,0.105995,0.884266
323,251,yellow,-0.018358,0.104166,0.572905
260,229,orange,-0.201442,0.108086,0.924460
357,226,orange,0.069414,0.109894,1.016906
387,244,orange,0.102848,0.105738,0.656068
424,226,orange,0.284647,0.115678,1.070427
484,241,orange,0.316080,0.108698,0.713618
543,239,orange,0.464751,0.110292,0.753264
110,222,orange2,-0.767527,0.111879,1.162178
136,224,orange2,-0.608806,0.106558,1.042980
