34,232,yellow,-inf,inf,inf
564,216,yellow,0.841946,0.148900,1.360518
298,220,blue,-0.148063,0.147631,1.224466
378,200,blue,0.177660,0.113607,1.749237
98,210,orange,-1.055252,0.144554,1.558411
270,190,orange,-0.486824,0.090944,2.448931
134,192,orange,-1.177558,0.087137,2.040776
538,184,blue,1.615342,0.060441,2.955607
